Name,Last Modified,Size,Type
Parent Directory/,,-,Directory
".Gandhi_enjoys_adverse_criticism_during_the_Subjects_Committee_meeting_with_Sardar_Patel_and_Kripalani,.jpg",2013-Jan-10 06:49:05,43.1K,image/jpeg
007TWINEsoundtrack.jpg,2004-Dec-07 22:44:46,28.2K,image/jpeg
020120318_grammatical_man_by_jeremy_campbell_cover.jpg,2012-Mar-19 00:43:45,69.6K,image/jpeg
1000heroz_screenshot.jpg,2012-May-16 01:39:07,100.9K,image/jpeg
100px-Wappen_Behamberg.jpg,2007-Apr-24 15:47:07,4.6K,image/jpeg
1049_the_x.png,2010-Dec-29 18:12:14,66.6K,image/png
105.5_The_Truth_logo.jpg,2009-May-20 01:27:10,19.6K,image/jpeg
13_Street.jpg,2010-Nov-27 16:52:07,3.8K,image/jpeg
1400Congress.jpg,2009-Feb-25 21:48:47,185.6K,image/jpeg
14creek_upstream.jpg,2007-Jun-22 18:08:58,95.0K,image/jpeg
160th_FA_DUI.png,2012-Jul-01 19:23:39,80.6K,image/png
171st_Airlift_Squadron_patch_2.gif,2008-Feb-18 17:19:37,25.3K,image/gif
17WNCN.PNG,2007-Dec-18 23:40:20,7.8K,image/png
17th_PA_Cavalry_monument.jpg,2012-Apr-10 17:22:57,120.9K,image/jpeg
180px-Phrenologychart.png,2006-Jan-23 10:29:00,38.7K,image/png
1880_census_Lowe.gif,2013-Jan-01 23:59:36,992.3K,image/gif
"1890_house,_Little_Pike_Bay.jpg",2011-Oct-24 21:56:03,595.8K,image/jpeg
190xsolbianca.jpg,2009-Feb-12 19:13:10,36.6K,image/jpeg
1925_Poster_for_the_Labour_Olympiad_in_Frankfurt.jpg,2008-Sep-29 08:57:38,76.0K,image/jpeg
1952LP.jpg,2008-May-26 23:29:23,36.5K,image/jpeg
1952_bbe.jpg,2006-May-29 17:08:02,12.0K,image/jpeg
1958_Biscayne_and_Flagler.png,2011-May-13 03:13:14,113.4K,image/png
1960_Dragon_Victors.jpg,2010-Jul-06 09:37:40,58.4K,image/jpeg
1961_alye_parusa.jpg,2007-Nov-26 04:41:38,52.3K,image/jpeg
1965_reunion_1985.jpg,2011-Jul-14 02:19:30,1.6M,image/jpeg
1969_Chevy_Nova_SS_.jpg,2010-Jul-06 12:44:42,65.9K,image/jpeg
1974_Iceland_1100_year_coin_(reverse).jpg,2011-Dec-27 05:33:46,28.1K,image/jpeg
1986_inroads.jpg,2009-Nov-08 02:28:06,8.7K,image/jpeg
1992_MLB_ASG.png,2009-Jan-07 06:02:47,79.4K,image/png
1992_absurdities.jpg,2010-Mar-07 10:32:13,70.9K,image/jpeg
1997leaguecupfinalprog.png,2011-Feb-28 11:51:33,339.1K,image/png
19_Lancers_China_1860_12x8.jpg,2010-Oct-09 16:37:59,280.9K,image/jpeg
1_BADI.JPG,2007-Oct-29 11:17:18,48.7K,image/jpeg
1barclay.JPG,2007-Nov-22 02:48:00,22.9K,image/jpeg
1st_Kings_Draggon_Guards_-_badge.jpg,2011-Oct-06 14:39:02,24.0K,image/jpeg
1westside07.jpg,2007-Oct-28 13:58:08,1.9M,image/jpeg
2001WomensFinalFourLogo.jpg,2012-Aug-30 14:22:49,100.9K,image/jpeg
2001_sea_games_mascot.png,2005-Dec-21 03:14:58,8.5K,image/png
